https://www.emag.ro/scaun-gaming-rotativ-kring-loki-negru-albastru-6426262805520/pd/DKP06YBBM/,499
https://www.emag.ro/scaun-gaming-rotativ-kring-kali-rosu-alb-6426228021315/pd/DKJTL2BBM/,499
https://www.emag.ro/scaun-gaming-rotativ-kring-seth-negru-albastru-6426262805513/pd/DNP06YBBM/,349
https://www.emag.ro/scaun-gaming-brazen-serpent-2-1-bluetooth-surround-sound-red-rsgemag3583328x-5060216442044/pd/DW9DKZBBM/#used-products,de la 1059
https://www.emag.ro/scaun-gaming-serioux-torin-black-red-x-gc01-2d-r/pd/D1F10NBBM/,706
https://www.emag.ro/birou-gaming-arozzi-arena-leggero-star-trek-edition-black-arena-legg-st-bk/pd/DQ5QYZBBM/,1549
https://www.emag.ro/scaun-gaming-arka-eagle-b54-negru-verde-b54/pd/DR9SNSBBM/,599
https://www.emag.ro/scaun-gaming-serioux-ares-negru-rosu-x-rc01-fx-r/pd/DSKMYCBBM/,398
https://www.emag.ro/scaun-gaming-serioux-ares-negru-gri-x-rc01-fx-g/pd/DJKMYCBBM/,399
https://www.emag.ro/scaun-gaming-arka-spider-negru-si-rosu-cu-suport-picioare-b207/pd/DM5XRKBBM/,649
https://www.emag.ro/scaun-gaming-rotativ-kring-kago-negru-rosu-6426262805544/pd/DDP06YBBM/,399
https://www.emag.ro/scaun-gaming-serioux-theon-negru-alb-x-gc01-a4-w/pd/DLKMYCBBM/,789
https://www.emag.ro/scaun-gaming-b201-v5-black-piele-ecologica-b201/pd/DTM0HLBBM/,599
https://www.emag.ro/scaun-gaming-arka-eagle-b54-negru-piele-ecologica-b54/pd/DYRZQ9BBM/,599
https://www.emag.ro/scaun-gaming-arka-spider-negru-cu-suport-picioare-b207/pd/DSS56RBBM/,649
https://www.emag.ro/scaun-gaming-genesis-nitro-210-red-nitro-210-red/pd/DMFHZNBBM/,390
https://www.emag.ro/scaun-gaming-arka-line-negru-verde-cu-suport-picioare-b61/pd/D0N2GRBBM/,649
https://www.emag.ro/scaun-gaming-arka-eagle-b54-negru-maro-b54/pd/DNFHB1BBM/,549
https://www.emag.ro/scaun-gaming-serioux-kessian-negru-orange-x-gc01-a3-o/pd/D4KMYCBBM/,699
https://www.emag.ro/scaun-gaming-rotativ-kring-loki-negru-roz-6426262805537/pd/DTP06YBBM/,499
https://www.emag.ro/scaun-gaming-arka-eagle-rosu-piele-anti-transpiratie-perforata-ecologica-b56/pd/DP6ND4BBM/,629
https://www.emag.ro/scaun-gaming-arka-b54-eagle-black-carbon-piele-antitranspiratie-perforata-ecologica-b54/pd/DVBSQQBBM/,599
https://www.emag.ro/scaun-gaming-b201-v5-black-red-piele-ecologica-b201/pd/D2M0HLBBM/,599
https://www.emag.ro/scaun-gaming-b11aero-negru-rosu-pentru-copii-b11/pd/D78L8CBBM/,259
https://www.emag.ro/scaun-gaming-arka-b19-black-blue-piele-anti-transpiratie-perforata-ecologica-b19/pd/DKJZPQBBM/,399
https://www.emag.ro/scaun-gaming-arozzi-torretta-v2-negru-torretta-bk/pd/DX68LYBBM/,998
https://www.emag.ro/scaun-gaming-arka-b19-negru-rosu-piele-anti-transpiratie-perforata-ecologica-b19/pd/DZQF4QBBM/,399
https://www.emag.ro/scaun-gaming-akracing-nitro-alb-ak-nitro-wt/pd/DJSGLYBBM/,1349
https://www.emag.ro/scaun-gaming-nitro-330-negru-nitro-330-black/pd/D6KQ4KBBM/,640
https://www.emag.ro/birou-gaming-arozzi-arena-red-arena-red/pd/DKF307BBM/,1786
https://www.emag.ro/scaun-gaming-akracing-octane-negru-ak-octane-bk/pd/D2FGLYBBM/,1398
https://www.emag.ro/scaun-gaming-model-gt-zenga-negru-portocaliu-ut-c5609-gt-black-orange/pd/DGWHWRBBM/,340
https://www.emag.ro/scaun-gaming-spider-black-piele-ecologica-b200/pd/D3J78CBBM/,548
https://www.emag.ro/scaun-gaming-akracing-nitro-albastru-ak-nitro-bl/pd/DTJGLYBBM/,1699
https://www.emag.ro/scaun-gaming-serioux-torin-black-yellow-x-gc01-2d-y/pd/DQF10NBBM/,706
https://www.emag.ro/scaun-gaming-arka-line-negru-rosu-cu-suport-picioare-b61/pd/D2J78CBBM/,649
https://www.emag.ro/scaun-arozzi-milano-rosu-milano-rd/pd/DD9GN7BBM/,749
https://www.emag.ro/scaun-gaming-arka-spider-negru-albastru-cu-suport-picioare-b207/pd/D6C4M5BBM/,649
https://www.emag.ro/scaun-gaming-arka-spider-negru-verde-cu-suport-picioare-b207/pd/D9MD25BBM/,649
https://www.emag.ro/scaun-gaming-phoenix-b205-racing-black-blue-piele-ecologica-b205/pd/DBJ78CBBM/,499
https://www.emag.ro/scaun-gaming-arka-rosu-negru-piele-ecologica-b211/pd/D1QF69BBM/,349
https://www.emag.ro/scaun-gaming-brazen-stag-2-1-bluetooth-surround-sound-black-white-5060216441894/pd/D59DKZBBM/,879
https://www.emag.ro/scaun-gaming-arka-negru-rosu-piele-perforata-ecologica-b99/pd/D64KRFBBM/,389
https://www.emag.ro/scaun-gaming-b11aero-negru-verde-pentru-copii-b11/pd/D2QQH5BBM/,259
https://www.emag.ro/scaun-gaming-genesis-negru-rosu-piele-metal-nitro-770-red/pd/D1D052BBM/,850
https://www.emag.ro/scaun-gaming-marvo-ch-301-red-ch-301-red/pd/DKFBNLBBM/,380
https://www.emag.ro/scaun-gaming-playseat-evolution-alcantara-pro-evolution-alcantara-pro/pd/D2KYK1BBM/,1900
https://www.emag.ro/scaun-gaming-arka-b56-eagle-verde-piele-anti-transpiratie-perforata-ecologica-b56/pd/DG3VKRBBM/,629
https://www.emag.ro/scaun-gaming-arka-line-racing-negru-cu-suport-picioare-b61/pd/D8106RBBM/,649
https://www.emag.ro/scaun-gaming-arka-eagle-b54-black-blue206-b54/pd/DBRZQ9BBM/,599
https://www.emag.ro/scaun-gaming-serioux-kessian-negru-rosu-x-gc01-a3-r/pd/DVKMYCBBM/,699
https://www.emag.ro/scaun-gaming-serioux-torin-black-blue-x-gc01-2d-b/pd/DRF10NBBM/,599
https://www.emag.ro/scaun-gaming-phoenix-spider-verde-piele-ecologica-b200/pd/DTJ78CBBM/,548
https://www.emag.ro/scaun-gaming-arka-b210-black-blue-grey-piele-ecologica-si-mesh-b210/pd/DSQZS1BBM/,349
https://www.emag.ro/scaun-gaming-playseat-negru-piele-metal-evolution-black/pd/DMSX1YBBM/,1260
https://www.emag.ro/scaun-gaming-arka-sport-negru-rosu-piele-ecologica-b28/pd/DRGSH3BBM/,337
https://www.emag.ro/scaun-gaming-phoenix-spider-black-red-b200/pd/DJKFLNBBM/,549
https://www.emag.ro/scaun-gaming-arka-eagle-b54-black-blue-206-b54/pd/DSKFLNBBM/,548
https://www.emag.ro/scaun-gaming-cu-functie-de-masaj-si-incalzire-negru-rosu-921-019rd/pd/D6KK1JBBM/,800
https://www.emag.ro/scaun-gaming-arka-b210-black-blue-grey-piele-ecologica-si-mesh-b210/pd/DJPFTFBBM/,349
https://www.emag.ro/scaun-gaming-playseat-negru-alcantara-metal-evolution-alcantara/pd/DC9H93BBM/,1256
https://www.emag.ro/scaun-gaming-arka-b209-racing-v5-negru-si-albastru-piele-ecologica-b209/pd/DV83LNBBM/,519
https://www.emag.ro/birou-gaming-trust-gxt711-dominus-tru22523/pd/D0GPGVBBM/,867
https://www.emag.ro/cockpit-gt-track-playstation-edition-next-level-racing-nlr-s008/pd/DD7Q9QBBM/,4099
https://www.emag.ro/scaun-gaming-marvo-negru-rosu-piele-metal-ch-105-red/pd/DWK357BBM/,550
https://www.emag.ro/scaun-gaming-genesis-negru-rosu-piele-metal-nitro-330-red/pd/DVLQ87BBM/,640
https://www.emag.ro/scaun-gaming-arka-piele-antitranspiratie-perforata-negru-albastru-b105/pd/D86BTZBBM/,379
https://www.emag.ro/cockpit-f-gt-simulator-next-level-racing-nlr-s010/pd/DK7Q9QBBM/,2499
https://www.emag.ro/scaun-gaming-arka-eagle-black-green-piele-antitranspiratie-perforata-ecologica-b52/pd/DB2VKRBBM/,599
https://www.emag.ro/scaun-gaming-kr-negru-portocaliu-piele-metal-kr-1/pd/DS5QRJBBM/,699
https://www.emag.ro/scaun-gaming-model-silver-stone-zenga-negru-albastru-silver-stone-bl3301-black-blue/pd/DGSZKRBBM/,295
https://www.emag.ro/scaun-gaming-arka-rosu-piele-anti-transpiratie-perforata-ecologica-b180/pd/D0JZPQBBM/,399
https://www.emag.ro/scaun-gaming-arka-sport-negru-rosu-piele-ecologica-si-mesh-b28/pd/DN91VJBBM/,349
https://www.emag.ro/scaun-gaming-playseat-f1-formula-playseat-f1/pd/DFSHBRBBM/,5626
https://www.emag.ro/scaun-gaming-arozzi-verona-pro-v2-carbon-black-verona-pro-v2-cb/pd/DFYZLFBBM/,1148
https://www.emag.ro/scaun-gaming-negru-verde-piele-ecologica-b102/pd/DPYXH5BBM/,389
https://www.emag.ro/scaun-gaming-arka-black-carbon-piele-anti-transpiratie-perforata-ecologica-b99/pd/DWZVGJBBM/,389
https://www.emag.ro/scaun-gaming-arka-verde-piele-anti-transpiratie-perforata-ecologica-b99/pd/D4XPD6BBM/,389
https://www.emag.ro/scaun-gaming-arka-piele-antitranspiratie-perforata-negru-rosu-b105/pd/DMZT2ZBBM/,379
https://www.emag.ro/scaun-gaming-arozzi-monza-portocaliu-monza-or/pd/DJMGLYBBM/,929
https://www.emag.ro/scaun-gaming-negru-rosu-piele-ecologica-b102/pd/D0YXH5BBM/,389
https://www.emag.ro/scaun-gaming-arozzi-verona-v2-blue-verona-v2-bl/pd/D6YZLFBBM/,998
https://www.emag.ro/scaun-gaming-akracing-k7012-negru-ak-k7012-bb/pd/DZ51S3BBM/,1448
https://www.emag.ro/scaun-gaming-arozzi-milano-albastru-milano-bl/pd/DKVGN7BBM/,749
https://www.emag.ro/birou-gaming-arozzi-arena-black-arena-black/pd/D4F307BBM/,2399
https://www.emag.ro/scaun-gaming-spacer-imitatie-piele-sp-gc-gr168/pd/DLY876BBM/,523
https://www.emag.ro/scaun-gaming-arka-all-black-piele-anti-transpiratie-perforata-ecologica-b99/pd/DRHBWJBBM/,389
https://www.emag.ro/scaun-gaming-arozzi-mezzo-v2-white-mezzo-v2-white/pd/DXYZLFBBM/,1599
https://www.emag.ro/scaun-gaming-genesis-nitro-790-black-red-nitro-790-black-red/pd/DTRST1BBM/,1200
https://www.emag.ro/scaun-gaming-akracing-octane-alb-ak-octane-wt/pd/DCFGLYBBM/,1388
https://www.emag.ro/scaun-gaming-inaza-predator-negru-cu-rosu-pr01-br/pd/DDMPNHBBM/,749
https://www.emag.ro/scaun-gaming-zenga-dragon-deus-pro-gaming-piele-ecologica-negru-albastru-1/pd/D5YS6VBBM/,365
https://www.emag.ro/scaun-gaming-akracing-octane-rosu-ak-octane-rd/pd/D4FGLYBBM/,1454
https://www.emag.ro/scaun-gaming-arka-piele-antitranspiratie-perforata-negru-albastru-b107/pd/DR6BTZBBM/,399
https://www.emag.ro/scaun-gaming-arka-brown-piele-anti-transpiratie-perforata-ecologica-b99/pd/DWQZQ9BBM/,389
https://www.emag.ro/scaun-gaming-nitro-concepts-s300-black-scncs300b/pd/D1JKVFBBM/,1249
https://www.emag.ro/scaun-gaming-us78-racing-pro-unic-spot-piele-ecologica-negru-galben-5999058332278/pd/DJMDSNBBM/,832
https://www.emag.ro/scaun-gaming-zenga-x6-piele-sintetica-negru-portocaliu-inchis-x6-dark-orange/pd/DL9TCLBBM/,315
https://www.emag.ro/scaun-gaming-arozzi-verona-v2-black-verona-v2-bk/pd/DRYZLFBBM/,948
https://www.emag.ro/scaun-gaming-zenga-dragon-deus-pro-gaming-piele-sintetica-multicolor-dragons-black-red-white/pd/DN3D9CBBM/,365
https://www.emag.ro/scaun-gaming-phoenix-spider-black-blue-piele-ecologica-b200/pd/D7J78CBBM/,548
https://www.emag.ro/scaun-pentru-gaming-marvo-ch-105-black-ch-105-black/pd/DNJ96JBBM/,550
https://www.emag.ro/scaun-gaming-noblechairs-epic-black-green-scnbebkgrsgl/pd/DMSKVFBBM/,1799
https://www.emag.ro/gamdias-achilles-e1-l-black-black-ach-e1l-bk-achilles-e1l-bk/pd/DPP2C9BBM/,899
https://www.emag.ro/scaun-gaming-genesis-nitro-950-black-nitro-950-black-black/pd/DDRST1BBM/,1300
https://www.emag.ro/scaun-gaming-arozzi-torretta-xl-fabric-rosu-torretta-xlf-rd/pd/DC58LYBBM/,978
https://www.emag.ro/scaun-gaming-arozzi-monza-verde-monza-gn/pd/DVMGLYBBM/,628
https://www.emag.ro/scaun-gaming-arozzi-verona-pro-v2-blue-verona-pro-v2-bl/pd/D9YZLFBBM/,1048
https://www.emag.ro/birou-gaming-arozzi-arena-pure-black/pd/DWYZTNBBM/,1786
https://www.emag.ro/scaun-gaming-akracing-nitro-verde-ak-nitro-gn/pd/D4JGLYBBM/,1248
https://www.emag.ro/scaun-gaming-b11aero-negru-pentru-copii-b11/pd/D0QQH5BBM/,259
https://www.emag.ro/scaun-gaming-akracing-premium-style-ak-k0909-1/pd/DHHGLYBBM/,1398
https://www.emag.ro/scaun-gaming-noblechairs-icon-real-leather-black-scnbirlbksgl/pd/DKSKVFBBM/,3479
https://www.emag.ro/scaun-gaming-raidmax-drakon-dk-706bu-black-blue-scrxdk706bu/pd/DF8SQ7BBM/,999
https://www.emag.ro/accesoriu-playseat-negru-otel-metal-seat-slider/pd/D1KVR3BBM/,199
https://www.emag.ro/scaun-gaming-arka-b19-verde-piele-perforata-anti-transpiratie-b19/pd/DLY76CBBM/,399
https://www.emag.ro/scaun-gaming-ergonomic-atelier-arran-piele-ecologica-galben-negru-70001891/pd/D3LGM4BBM/,379
https://www.emag.ro/scaun-gaming-arozzi-star-trek-edition-black-arozzi-vv2-st-bk/pd/DL5QYZBBM/,1368
https://www.emag.ro/scaun-gaming-arozzi-torretta-xl-fabric-albastru-torretta-xlf-bl/pd/DJ58LYBBM/,978
https://www.emag.ro/scaun-gaming-arka-blue-piele-anti-transpiratie-perforata-ecologica-b99/pd/D0YQLCBBM/,389
https://www.emag.ro/scaun-gaming-arozzi-torretta-v2-rosu-torretta-rd/pd/DJ68LYBBM/,998
https://www.emag.ro/scaun-gaming-genesis-negru-rosu-textil-si-piele-metal-nitro-550-red/pd/D4LQ87BBM/,949
https://www.emag.ro/birou-gaming-arozzi-arena-green-arena-green/pd/DDF307BBM/,1786
https://www.emag.ro/scaun-gaming-arozzi-milano-negru-milano-bk/pd/DJP8W7BBM/,799
https://www.emag.ro/scaun-gaming-marvo-negru-rosu-piele-metal-ch-106-red/pd/D8X33DBBM/,800
https://www.emag.ro/scaun-gaming-arozzi-mezzo-v2-black-mezzo-v2-black/pd/D0YZLFBBM/,1499
https://www.emag.ro/scaun-gaming-negru-piele-ecologica-b102/pd/D3QQH5BBM/,389
https://www.emag.ro/scaun-gaming-zenga-dragon-deus-pro-gaming-piele-sintetica-albastru-alb-negru-x-2753-dragon-blue-white-black/pd/DN05D5BBM/,365
https://www.emag.ro/scaun-gaming-genesis-negru-albastru-textil-si-piele-metal-nitro-550-blue/pd/DZLQ87BBM/,960
https://www.emag.ro/scaun-gaming-deus-pro-gaming-x5-negru-rosu-gri-fotel-x5/pd/DK447LBBM/,355
https://www.emag.ro/scaun-gaming-arozzi-enzo-negru-enzo-bk/pd/D4W8LYBBM/,649
https://www.emag.ro/scaun-gaming-serioux-theon-negru-burgundy-x-gc01-a4-b/pd/DCKMYCBBM/,759
https://www.emag.ro/scaun-gaming-akracing-k7012-green-ak-k7012-bg/pd/DLY1F2BBM/,1338
https://www.emag.ro/scaun-arozzi-milano-alb-milano-wt/pd/DF18W7BBM/,748
https://www.emag.ro/scaun-gaming-arozzi-verona-v2-green-verona-v2-gn/pd/D8YZLFBBM/,928
https://www.emag.ro/scaun-gaming-raidmax-drakon-dk-709bu-blue-black-scrxdk709bu/pd/DTQL70BBM/,1299
https://www.emag.ro/scaun-gaming-inaza-predator-negru-cu-verde-pr01-bg/pd/D7MPNHBBM/,899
https://www.emag.ro/scaun-gaming-tt-esports-by-thermaltake-gt-fit-negru-rosu-gc-gtf-brmfdl-01/pd/DXHC69BBM/,1449
https://www.emag.ro/scaun-gaming-akracing-ak-nitro-or/pd/DQYZTNBBM/,1121
https://www.emag.ro/scaun-birou-gaming-nordhold-ymir-galben-ymir-yellow/pd/DHWZWCBBM/,731
https://www.emag.ro/birou-gaming-arozzi-arena-blue-arena-blue/pd/DJF307BBM/,3025
https://www.emag.ro/scaun-gaming-noblechairs-icon-real-leather-midnight-blue-graphite-scnbirlmbgsgl/pd/D0SKVFBBM/,2615
https://www.emag.ro/scaun-gaming-arka-eagle-allblack-piele-antitranspiratie-perforata-ecologica-b52/pd/DFQCLQBBM/,599
https://www.emag.ro/scaun-gaming-x-by-serioux-theon-ajustabil-piele-sintetica-piston-pe-gaz-negru-alb-x-gc01-a4-w/pd/DL8L15BBM/,827
https://www.emag.ro/scaun-gaming-playseat-challenge-playseat-rc-ch-playseat-rc-ch/pd/DSCN4LBBM/,999
https://www.emag.ro/scaun-ergonomic-gtchair-dvary-gaming-mesh-negru-cadru-rosu-tetiera-4d-brate-ajustabile-suport-lombar-reglabil-translatie-sezut-balans-cu-blocare-x-dv-s3-l/pd/DFBQH6BBM/,4996
https://www.emag.ro/scaun-gaming-akracing-ak-overture-bl/pd/DCYZTNBBM/,1412
https://www.emag.ro/scaun-gaming-akracing-octane-albastru-ak-octane-bl/pd/DF9GLYBBM/,1399
https://www.emag.ro/scaun-gaming-akracing-premium-v2-maro-negru-ak-7001-bb/pd/DQG1S3BBM/,1799
https://www.emag.ro/scaun-gaming-qmobili-lux-race-negru-piele-ecologica-si-mesh-tapitat-forma-ergonomica-mecanism-tilt-baza-polipropilena-brate-tapitate-w-163-black/pd/DKHQQLBBM/,540
https://www.emag.ro/scaun-gaming-inaza-predator-2-pr02-br-negru-rosu-134443/pd/DDVV5QBBM/,799
https://www.emag.ro/scaun-gaming-zenga-dragon-deus-pro-gaming-piele-sintetica-negru-verde-x-2753-dragon-black-green-black/pd/DT05D5BBM/,365
https://www.emag.ro/scaun-gaming-arka-b147-racing-negru-si-albastru-pentru-profesionisti-b147/pd/DZL2HSBBM/,799
https://www.emag.ro/scaun-gaming-ergonomic-atelier-arran-piele-ecologica-albastru-negru-70001890/pd/DYLGM4BBM/,379
https://www.emag.ro/scaun-gaming-negru-piele-ecologica-b211/pd/DSZRJ5BBM/,399
https://www.emag.ro/scaun-gaming-arka-eagle-b54-black-green-piele-antitranspiratie-perforata-ecologica-b54/pd/D0WJQQBBM/,599
https://www.emag.ro/scaun-gaming-black-red-piele-ecologica-si-mesh-b211/pd/D4ZRJ5BBM/,399
https://www.emag.ro/scaun-gaming-inaza-enforcer-enf01-br-negru-rosu-134436/pd/DJVV5QBBM/,489
https://www.emag.ro/scaun-gaming-noblechairs-hero-black-scnbhrblasgl/pd/D40KRLBBM/,1999
https://www.emag.ro/scaun-de-gaming-zenga-deus-quake-albastru-quake-blue/pd/DQJ47LBBM/,299
https://www.emag.ro/scaun-gaming-arozzi-mezzo-v2-textil-black-mezzo-v2-fb-black/pd/D1RW3JBBM/,911
https://www.emag.ro/scaun-gaming-racing-v6-negru-si-rosu-piele-ecologica-b208/pd/DMJ78CBBM/,599
https://www.emag.ro/scaun-gaming-arka-eagle-negru-rosu-piele-antitranspiratie-perforata-ecologica-b52/pd/DKL1QFBBM/,599
https://www.emag.ro/scaun-gaming-akracing-ak-prox-wt/pd/DRYZTNBBM/,1998
https://www.emag.ro/scaun-gaming-akracing-prox-rotire-la-360-de-grade-blue-ak-prox-bl/pd/D3YZLFBBM/,1898
https://www.emag.ro/scaun-gaming-arozzi-star-trek-edition-red-arozzi-vv2-st-rd/pd/D15QYZBBM/,1368
https://www.emag.ro/scaun-gaming-arozzi-verona-v2-white-verona-v2-wt/pd/DM3ZLFBBM/,998
https://www.emag.ro/scaun-gaming-racing-v6-negru-piele-ecologica-b208/pd/DYG5F5BBM/,599
https://www.emag.ro/simulator-racing-arozzi-velocita-white-universal-complet-ajustabil-suport-pentru-volan-pedale-si-schimbator-de-viteze-velocita-white/pd/DP1DKFBBM/,1007
https://www.emag.ro/scaun-gaming-arka-eagle-b54-black-red-piele-antitranspiratie-perforata-ecologica-b54/pd/DD4V5QBBM/,599
https://www.emag.ro/scaun-gaming-model-cobra-sport-negru-rosu-piele-ecologica-c481-black-red-cobra/pd/DFLV5QBBM/,350
https://www.emag.ro/scaun-gaming-us90-suzuka-unic-spot-piele-ecologica-negru-albastru-5999058333077/pd/DXMDSNBBM/,819
https://www.emag.ro/scaun-gaming-racing-v6-negru-verde-piele-ecologica-b208/pd/D585F5BBM/,599
https://www.emag.ro/scaun-gaming-de-birou-cu-suport-lombar-si-cervical-reglabil-rotativ-culoare-rosu-negru-fjn-1713/pd/DK9KF1BBM/,622
https://www.emag.ro/scaun-gaming-playseat-evolution-alb-playseat-evolution/pd/D9WM0LBBM/,1392
https://www.emag.ro/scaun-gaming-tt-esports-gt-comfort-gc-gtc-bglfdl-01-negru-verde-134457/pd/DLPYKRBBM/,1399
https://www.emag.ro/scaun-gaming-akracing-negru-albastru-ak-k7012-bl/pd/DTVGLYBBM/,1349
https://www.emag.ro/scaun-gaming-zenga-dragon-deus-pro-gaming-piele-ecologica-negru-rosu-1/pd/D23S6VBBM/,365
https://www.emag.ro/scaun-cu-manere-reglabil-negru-32502/pd/DZGDN1BBM/,224
https://www.emag.ro/scaun-gaming-arozzi-torretta-xl-fabric-verde-torretta-xlf-gn/pd/DG58LYBBM/,1349
https://www.emag.ro/scaun-gaming-arozzi-mezzo-v2-red-mezzo-v2-red/pd/DPYZLFBBM/,1028
https://www.emag.ro/scaun-gaming-speedlink-looter-black-white-sl-660001-bkwe/pd/DM32XDBBM/,606
https://www.emag.ro/scaun-gaming-akracing-onyx-deluxe-rotire-la-360-de-grade-piele-nataurala-ak-onyx-fl/pd/D2YZLFBBM/,2699
https://www.emag.ro/scaun-gaming-ergonomic-atelier-xracer-piele-ecologica-portocaliu-negru-70001893/pd/D7LGM4BBM/,789
https://www.emag.ro/scaun-gaming-hm-striker-2-alb-negru-4092/pd/D39XSHBBM/,733
https://www.emag.ro/scaun-gaming-arozzi-mezzo-v2-blue-mezzo-v2-blue/pd/DHYZLFBBM/,1028
https://www.emag.ro/scaun-gaming-brazen-stag-2-1-bluetooth-surround-sound-black-red-5060216441870/pd/DG9DKZBBM/,879
https://www.emag.ro/scaun-gaming-zenga-dragon-deus-pro-gaming-piele-sintetica-negru-x-2753-dragon-black-black-black/pd/DPTBN5BBM/,365
https://www.emag.ro/scaun-gaming-arozzi-verona-jr-pentru-copii-red-verona-jr-red/pd/DQYZLFBBM/,1199
https://www.emag.ro/scaun-gaming-ergonomic-atelier-xracer-piele-ecologica-verde-negru-70001895/pd/DDLGM4BBM/,789
https://www.emag.ro/scaun-gaming-zenga-dragon-deus-pro-gaming-piele-sintetica-portocaliu-albastru-negru-x-2753-dragon-orange-blue-black/pd/D005D5BBM/,365
https://www.emag.ro/scaun-gaming-arka-eagle-black-blue-piele-antitranspiratie-perforata-ecologica-b52/pd/DHMSQQBBM/,599
https://www.emag.ro/scaun-gaming-noblechairs-epic-real-leather-black-red-white-sgl-scnberlbkwhrdsgl/pd/DS0KRLBBM/,2278
https://www.emag.ro/covoras-trust-gxt-715-pentru-scaune-de-gaming-22524/pd/DNVD6CBBM/,161
https://www.emag.ro/covoras-arozzi-velocita-floormat-pentru-simulatorul-racing-arozzi-velocita-velocita-floormat/pd/D6QRYSBBM/,173
https://www.emag.ro/scaun-gaming-model-prime-zenga-alb-ut-c733-prime-black-white/pd/DW9MHRBBM/,380
https://www.emag.ro/scaun-gaming-x-rocker-mayhem-max-2-1-floor-rocker-74090/pd/DBGND6BBM/,822
https://www.emag.ro/set-5-role-plastic-60mm-rosu-negru-pentru-scaun-de-gaming-111/pd/D91GZ4BBM/,95
https://www.emag.ro/scaun-birou-gaming-nordhold-ullr-alb-ullr-white/pd/D3SLYLBBM/,609
https://www.emag.ro/scaun-gaming-akracing-ak-overture-gn/pd/DLYZTNBBM/,1478
https://www.emag.ro/scaun-gaming-playseat-cockpit-revolution-56751/pd/DDWZFVBBM/,1749
https://www.emag.ro/gamdias-achilles-e1-l-black-red-ach-e1l-br-achilles-e1l-br/pd/D0P2C9BBM/,899
https://www.emag.ro/scaun-gaming-dragons-zenga-multicolor-dragon-orange-blue-black/pd/DDQ17LBBM/,365
https://www.emag.ro/scaun-gaming-noblechairs-epic-white-scnbewhtbksgl/pd/D3SKVFBBM/,2039
https://www.emag.ro/scaun-gaming-arozzi-torretta-v2-albastru-torretta-bl/pd/DF68LYBBM/,998
https://www.emag.ro/scaun-gaming-zenga-dragon-deus-pro-gaming-piele-sintetica-multicolor-dragon-black-white-black/pd/DK3D9CBBM/,365
https://www.emag.ro/scaun-gaming-redragon-metis-rosu-124550/pd/DYZZG9BBM/,729
https://www.emag.ro/scaun-gaming-pro-rotativ-timeless-tools-negru-rosu-hop1000874-1/pd/DW7GM4BBM/,529
https://www.emag.ro/scaun-gaming-arka-luxury-b146b-negru-rosu-b146b/pd/DX8MSJBBM/,819
https://www.emag.ro/scaun-gaming-us105-melbourne-gri-9212010/pd/DMVFY4BBM/,587
https://www.emag.ro/scaun-pentru-gaming-marvo-ch-118/pd/DP8MG5BBM/,1000
https://www.emag.ro/scaun-gaming-akracing-ak-prox-rd/pd/DGYZTNBBM/,1938
https://www.emag.ro/scaun-de-gaming-diablo-chairs-diablo-x-horn-negru-rosu-11/pd/DWXMNSBBM/,916
https://www.emag.ro/scaun-gaming-arozzi-verona-v2-orange-verona-v2-or/pd/DWYZLFBBM/,999
https://www.emag.ro/scaun-gaming-arka-b119-negru-b119/pd/DZ9SNSBBM/,429
https://www.emag.ro/scaun-gaming-pro-rotativ-timeless-tools-negru-albastru-hop1000874-2/pd/D7DGM4BBM/,529
https://www.emag.ro/scaun-birou-gaming-nordhold-ullr-gri-ullr-grey/pd/D8PV7CBBM/,609
https://www.emag.ro/birou-gaming-arozzi-arena-white-arena-white/pd/DNF307BBM/,2375
https://www.emag.ro/scaun-gaming-akracing-overture-alb-ak-overture-wt/pd/D0L0CQBBM/,1083
https://www.emag.ro/scaun-gaming-noblechairs-epic-real-leather-black-scnberlbksgl/pd/D5JKVFBBM/,3239
https://www.emag.ro/scaun-gaming-model-soris-zenga-negru-alb-ut-c586t-soris-black-white/pd/DRX1WRBBM/,340
https://www.emag.ro/scaun-gaming-akracing-ak-onyx-bk/pd/D4YZTNBBM/,1898
https://www.emag.ro/scaun-gaming-genesis-negru-albastru-textil-si-piele-metal-nitro-880-blue/pd/DCLQ87BBM/,1502
https://www.emag.ro/scaun-gaming-x-rocker-mayhem-micro-2-0-floor-rocker-74089/pd/D2GND6BBM/,445
https://www.emag.ro/scaun-gaming-akracing-ak-arctica-wt/pd/DVYZTNBBM/,1899
https://www.emag.ro/scaun-gaming-inaza-infinity-inf01-br-negru-rosu-134448/pd/DWW0YQBBM/,799
https://www.emag.ro/scaunul-gaming-arka-b202-luxor-negru-rosu-piele-ecologica-b202/pd/DVSVJJBBM/,599
https://www.emag.ro/scaun-gaming-akracing-ak-prox-gy/pd/D5YZTNBBM/,1856
https://www.emag.ro/cadru-din-otel-pentru-simulator-de-conducere-play-seat-simoni-racing-srs-ps-srsps/pd/DLC863BBM/,780
https://www.emag.ro/scaun-gaming-arozzi-enzo-verde-enzo-gn/pd/DMW8LYBBM/,798
https://www.emag.ro/scaun-gaming-akracing-overture-negru-ak-overture-bk/pd/DHL0CQBBM/,1083
https://www.emag.ro/scaun-gaming-rotativ-timeless-tools-negru-albastru-hop1000870-2/pd/D4M87VBBM/,314
https://www.emag.ro/scaun-tip-saltea-pentru-jocuri-sandberg-640-84/pd/D3BHYQBBM/,315
https://www.emag.ro/scaun-gaming-dxracer-racing-mousesports-red-black-gc-r175-rn-z1-mouz/pd/D2F10NBBM/,3712
https://www.emag.ro/scaun-gaming-akracing-nitro-carbon-negru-ak-nitro-cb/pd/D24PBJBBM/,1296
https://www.emag.ro/scaun-gaming-arozzi-torretta-v2-portocaliu-torretta-or/pd/DP68LYBBM/,1329
https://www.emag.ro/scaun-gaming-arozzi-mezzo-v2-textil-white-mezzo-v2-fb-white/pd/D5RW3JBBM/,911
https://www.emag.ro/scaun-gaming-zenga-negru-gri-x8/pd/D7FMHRBBM/,390
https://www.emag.ro/scaun-gaming-arozzi-verona-pro-v2-rd/pd/D8YZTNBBM/,1048
https://www.emag.ro/scaun-gaming-de-birou-rocket-din-piele-eco-reglabil-culoare-negru-gri-gkw-5902340314456/pd/D32N71BBM/,311
https://www.emag.ro/scaun-gaming-nitro-concepts-c80-pure-black-green-scncc80pbkgr/pd/DX0B47BBM/,706
https://www.emag.ro/scaun-gaming-dxracer-formula-f08-nr-black-red-gc-f08-nr-h1/pd/DL910NBBM/,1604
https://www.emag.ro/scaun-gaming-x-rocker-mayhem-marauder-2-1-wireless-pedestal-74088/pd/DJBQH6BBM/,1030
https://www.emag.ro/scaun-gaming-racing-x-by-serioux-ares-ajustabil-piele-sintetica-piston-pe-gaz-manere-reglabile-negru-x-rc01-fx-g/pd/DS8L15BBM/,476
https://www.emag.ro/scaun-birou-gaming-nordhold-ullr-rosu-ullr-red/pd/DYSLYLBBM/,609
https://www.emag.ro/scaun-gaming-trust-gxt-702-ryon-junior-22876/pd/DNMF1CBBM/,699
https://www.emag.ro/scaun-gaming-ergonomic-hexter-xl-mecanism-multiblock-brate-4d-negru-gri-pu-01347/pd/DSN345BBM/,1381
https://www.emag.ro/scaun-gaming-noblechairs-epic-real-leather-brown-beige-scnberlbrbgsgl/pd/D6JKVFBBM/,3239
https://www.emag.ro/scaun-gaming-redragon-coeus-c201-br-negru-rosu-134447/pd/DGW0YQBBM/,799
https://www.emag.ro/scaun-gaming-qmobili-race-rosu-piele-ecologica-forma-ergonomica-mecanism-tilt-baza-polipropilena-brate-tapitate-w-182-red-black/pd/DXHQQLBBM/,500
https://www.emag.ro/scaun-gaming-noblechairs-footrest-black-scnbfrbk/pd/DJ0KRLBBM/,699
https://www.emag.ro/scaun-gaming-resto-gxt-707-21872/pd/D2H9QDBBM/,952
https://www.emag.ro/scaun-gaming-arozzi-mezzo-v2-textil-red-mezzo-v2-fb-red/pd/DRRW3JBBM/,1435
https://www.emag.ro/scaun-gaming-arozzi-milano-verde-milano-gn/pd/DBJ8W7BBM/,1099
https://www.emag.ro/scaun-gaming-spacer-imitatie-piele-material-textil-black-orange-greutate-max-120kg-dimensiuni-59-70-106-114cm-sp-gc-rng43/pd/D2NP0CBBM/,384
https://www.emag.ro/scaun-gaming-verde-piele-anti-transpiratie-perforata-ecologica-b180/pd/DCXPD6BBM/,399
https://www.emag.ro/scaun-gaming-model-x6-zenga-negru-albastru-x6-light-blue/pd/DWGJT6BBM/,315
https://www.emag.ro/scaun-gaming-genesis-nitro-880-black-nitro-880-black/pd/D20Y40BBM/,1424
https://www.emag.ro/scaun-gaming-playseat-evolution-playstation/pd/DX6ZCZBBM/,1597
https://www.emag.ro/scaun-gaming-genesis-nitro-770-black-nitro-770-black/pd/DCK83NBBM/,999
https://www.emag.ro/scaun-gaming-qmobili-race-negru-piele-ecologica-forma-ergonomica-mecanism-tilt-baza-polipropilena-brate-tapitate-w-182-black/pd/D0HQQLBBM/,500
https://www.emag.ro/scaun-gaming-elegant-si-sofisticat-spatar-reglabil-functie-balans-sig09-01/pd/DHHSV6BBM/,600
https://www.emag.ro/scaun-gaming-arozzi-verona-xl-red-verona-xlplus-red/pd/DCYZLFBBM/,1178
https://www.emag.ro/scaun-gaming-arozzi-mezzo-v2-textil-blue-mezzo-v2-fb-blue/pd/DQRW3JBBM/,1435
https://www.emag.ro/scaun-gaming-redragon-coeus-c201-bb-negru-albastru-134446/pd/DBBHYQBBM/,799
https://www.emag.ro/scaun-gaming-zenga-dragon-deus-pro-gaming-piele-sintetica-negru-alb-x-2753-dragon-black-white-black/pd/DK05D5BBM/,365
https://www.emag.ro/scaun-gaming-playseat-cockpit-evolution-playstation-50133/pd/DJ3S9FBBM/,1899
https://www.emag.ro/scaun-gaming-zenga-dragon-deus-pro-gaming-piele-sintetica-negru-rosu-alb-x-2753-dragon-black-red-white/pd/DJTBN5BBM/,365
https://www.emag.ro/scaun-gaming-arozzi-star-trek-edition-blue-arozzi-vv2-st-bl/pd/DZ5QYZBBM/,1549
https://www.emag.ro/scaun-gaming-racing-x-by-serioux-ares-ajustabil-piele-sintetica-piston-pe-gaz-manere-reglabile-x-rc01-fx-r/pd/DJ8L15BBM/,476
https://www.emag.ro/scaun-gaming-zenga-x6-piele-sintetica-negru-x6-black-black/pd/D54J21BBM/,315
https://www.emag.ro/scaun-gaming-arozzi-torretta-v2-gri-torretta-gy/pd/D968LYBBM/,1232
https://www.emag.ro/scaun-gaming-hm-scroll-negru-rosu-3999/pd/DPNLLNBBM/,602
https://www.emag.ro/scaun-gaming-arozzi-verona-v2-black-verona-v2-bk/pd/DYSVCHBBM/,1382
https://www.emag.ro/scaun-de-gaming-playseatr-challenge-playstation-edition-negru-albastru-39681-rcp-00162-10160650/pd/DQDS04BBM/,1062
https://www.emag.ro/scaun-gaming-arka-luxury-b146b-negru-albastru-b146b/pd/DQRC0VBBM/,819
https://www.emag.ro/scaun-gaming-myria-mg7406-negru-verde-66238/pd/D89R2RBBM/,499
https://www.emag.ro/scaun-gaming-rotativ-cu-mecanism-tilt-idealstore-smart-armor-red-proiectat-pentru-a-asigura-pozitia-si-confortul-corect-al-corpului-in-timpul-sedintelor-lungi-la-computer-design-modern-cotiere-moi-baz/pd/D673C6BBM/,523
https://www.emag.ro/scaun-gaming-trust-gxt-705-ryon-rosu-negru-tru22256/pd/D0HZKJBBM/,686
https://www.emag.ro/scaun-gaming-spatar-reglabil-functie-sezlong-manere-reglabile-perna-lombara-si-tetiera-detasabile-sig-838-sig838/pd/D7HSV6BBM/,550
https://www.emag.ro/scaun-gaming-elegant-sofisticat-functie-sezlong-sig09-10/pd/DTHSV6BBM/,650
https://www.emag.ro/scaun-gaming-elegant-si-sofisticat-spatar-reglabil-functie-balans-sig09-01-2/pd/D0HSV6BBM/,600
https://www.emag.ro/scaun-gaming-noblechairs-icon-real-leather-cognac-black-scnbirlcbksgl/pd/DNSKVFBBM/,3047
https://www.emag.ro/scaun-gaming-playseat-negru-piele-metal-challenge/pd/DHSX1YBBM/,999
https://www.emag.ro/scaun-gaming-piele-perne-reglabile-brate-4d-gran-giosedi-alb-negru/pd/DP6ZF9BBM/,1120
https://www.emag.ro/scaun-gaming-noblechairs-epic-black-red-scnbebkrdsgl/pd/DYSKVFBBM/,2039
https://www.emag.ro/scaun-gaming-arozzi-enzo-alb-enzo-wh/pd/D488LYBBM/,599
https://www.emag.ro/scaun-gaming-portocaliu-negru-piele-ecologica-metal-kr-2/pd/DLFXMLBBM/,699
https://www.emag.ro/scaun-gaming-x-by-serioux-torin-ajustabil-piele-sintetica-piston-pe-gaz-galben-negru-x-gc01-2d-y/pd/DV8L15BBM/,737
https://www.emag.ro/scaun-gaming-arozzi-enzo-rosu-enzo-rd/pd/D2G8LYBBM/,599
https://www.emag.ro/scaun-gaming-us90-rally-unic-spot-piele-ecologica-negru-rosu-5999058333084/pd/DSMDSNBBM/,648
https://www.emag.ro/scaun-gaming-xrocker-pu-negru-gri-007/pd/D5M531BBM/,399
https://www.emag.ro/scaun-gaming-zenga-dragon-deus-pro-gaming-piele-sintetica-portocaliu-albastru-alb-x-2753-dragon-orange-blue-white/pd/DNTBN5BBM/,365
https://www.emag.ro/scaun-gaming-x-by-serioux-torin-ajustabil-piele-sintetica-piston-pe-gaz-albastru-negru-x-gc01-2d-b/pd/D48L15BBM/,734
https://www.emag.ro/scaun-gaming-diablo-scaune-x-one-alb-negru-1146629/pd/D48M0LBBM/,866
https://www.emag.ro/scaun-gaming-ergonomic-atelier-xracer-piele-ecologica-albastru-negru-70001894/pd/DTLGM4BBM/,789
https://www.emag.ro/scaun-gaming-kr-negru-alb-piele-metal-kr-2/pd/DB6QRJBBM/,699
https://www.emag.ro/scaun-gaming-genesis-nitro-550-green-nitro-550-green/pd/DVK83NBBM/,981
https://www.emag.ro/scaun-gaming-negru-piele-anti-transpiratie-perforata-ecologica-b180/pd/DLXPD6BBM/,399
https://www.emag.ro/scaun-gamer-ing78-racer-negru-galben-game5/pd/D8357JBBM/,892
https://www.emag.ro/scaun-gaming-noblechairs-epic-black-scnbebksgl/pd/DGJKVFBBM/,2039
https://www.emag.ro/scaun-gaming-gigabyte-aorus-agc300-rev-2-0-gaming-chair-rev-2-0-portocaliu-ga-chair-agc300/pd/D4PJ4QBBM/,1513
https://www.emag.ro/scaun-gaming-tt-esports-by-thermaltake-gt-fit-negru-verde-gc-gtf-bgmfdl-01/pd/DFHC69BBM/,1449
https://www.emag.ro/scaun-gaming-us90-indianapolis-unic-spot-piele-ecologica-negru-rosu-5999058333091/pd/DHMDSNBBM/,710
https://www.emag.ro/scaun-gaming-x-by-serioux-kessian-ajustabil-piele-sintetica-piston-pe-gaz-rosu-negru-x-gc01-a3-r/pd/DWRP55BBM/,785
https://www.emag.ro/scaun-gaming-noblechairs-epic-real-leather-black-white-red-nbl-rl-epc-002/pd/DV6D4CBBM/,3239
https://www.emag.ro/scaun-gaming-ergonomic-balans-ajustabil-sig0071/pd/DKHSV6BBM/,380
https://www.emag.ro/scaun-gaming-arozzi-verona-v2-red-verona-v2-rd/pd/DB3ZLFBBM/,1351
https://www.emag.ro/scaun-gaming-akracing-overture-rosu-ak-overture-rd/pd/DTC97FBBM/,2044
https://www.emag.ro/scaun-pentru-gaming-genesis-nitro-370-black-red-nitro-370-black-red/pd/D3RST1BBM/,700
https://www.emag.ro/gamdias-achilles-m1-l-black-blue-ach-m1l-bb-achilles-m1l-bb/pd/DJP2C9BBM/,1236
https://www.emag.ro/scaun-gaming-omega-varr-silverstone-43955-vgcs1/pd/D1FW3JBBM/,949
https://www.emag.ro/scaun-gaming-nitro-concepts-c80-pure-black-orange-scncc80pbkog/pd/DH0B47BBM/,706
https://www.emag.ro/scaun-gaming-axon-striker-2-alb-negru-2716/pd/DY1R31BBM/,733
https://www.emag.ro/scaun-gaming-white-shark-kings-throne-negru-rosu-sbx00006/pd/DKBSJDBBM/,665
https://www.emag.ro/gamdias-achilles-e1-l-black-blue-ach-e1l-bb-achilles-e1l-bb/pd/DNP2C9BBM/,1052
https://www.emag.ro/scaun-birou-gaming-nordhold-ymir-albastru-ymir-albastru/pd/D67M5JBBM/,731
https://www.emag.ro/scaun-gaming-deus-pro-gaming-piele-sintetica-negru-oranj-formers-orange/pd/DF1BLCBBM/,380
https://www.emag.ro/scaun-gaming-spc-gear-sr300f-gy-material-textil-gri-negru-spg004/pd/DFKXG2BBM/,1263
https://www.emag.ro/scaun-gaming-genesis-nitro-330-military-nitro-330-military/pd/DL6C49BBM/,689
https://www.emag.ro/scaun-gaming-rotor-2-negru-galben-suport-lombar-spatar-reglabil-manere-reglabile-rt-2/pd/DNRZPJBBM/,929
https://www.emag.ro/scaun-gaming-x-by-serioux-torin-ajustabil-piele-sintetica-piston-pe-gaz-rosu-negru-x-gc01-2d-r/pd/DC8L15BBM/,734
https://www.emag.ro/scaun-gaming-arozzi-torretta-xl-fabric-gri-torretta-xlf-gy/pd/DV58LYBBM/,1073
https://www.emag.ro/scaun-gaming-ergonomic-balans-ajustabil-sig0071-00/pd/DPHSV6BBM/,380
https://www.emag.ro/scaun-gaming-spatar-reglabil-manere-reglabile-perna-lombara-si-tetiera-detasabile-sig-838-1/pd/D3HSV6BBM/,520
https://www.emag.ro/scaun-gaming-de-birou-racer-1st-din-piele-eco-reglabil-culoare-negru-alb-gkw-racer-1st-negru-alb/pd/D573C6BBM/,419
https://www.emag.ro/scaun-gaming-de-birou-cu-suport-lombar-si-cervical-reglabil-rotativ-culoare-negru-albastru-fjn-1714/pd/DX9KF1BBM/,622
https://www.emag.ro/scaun-gaming-nitro-concepts-s300-black-blue-scncs300bb/pd/DRJKVFBBM/,1249
https://www.emag.ro/scaun-gaming-model-ferrari-zenga-negru-rosu-wiliams-bl3303-black-red-ferrari/pd/D9N8KRBBM/,375
https://www.emag.ro/scaun-gaming-piele-ecologica-hm-lotus-rosu-3474/pd/D51VW3BBM/,791
https://www.emag.ro/scaun-gaming-arozzi-vernazza-rd/pd/DVY1F2BBM/,1599
https://www.emag.ro/scaun-gaming-genesis-negru-albastru-piele-metal-nitro-330-blue/pd/DSLQ87BBM/,869
https://www.emag.ro/scaun-gaming-nitro-s-predator-2/pd/DKRZPJBBM/,929
https://www.emag.ro/scaun-gaming-spatar-reglabil-manere-reglabile-perna-lombara-si-tetiera-detasabile-sig-838-1-2/pd/D2HSV6BBM/,520
https://www.emag.ro/scaun-pentru-gaming-marvo-ch-106-black-ch-106-black/pd/DKJ96JBBM/,800
https://www.emag.ro/scaun-gaming-zenga-dragon-deus-pro-gaming-piele-sintetica-negru-albastru-x-2753-dragon-black-blue-black/pd/D0TBN5BBM/,365
https://www.emag.ro/scaun-gaming-red53-imitatie-piele-material-textil-black-red-sp-gc-red53/pd/DS7HXJBBM/,384
https://www.emag.ro/scaun-gaming-arozzi-enzo-albastru-enzo-bl/pd/D9W8LYBBM/,699
https://www.emag.ro/covoras-pentru-scaune-gaming-akracing-floormat-albastru-diametru-99-5-cm-ak-floormat-bl/pd/DM9TB0BBM/,209
https://www.emag.ro/scaun-gaming-warrior-gx-100-kruger-matz-km0763/pd/D12VHQBBM/,1068
https://www.emag.ro/scaun-gaming-akracing-prox-blue-ak-prox-bl/pd/DN9RH9BBM/,3302
https://www.emag.ro/scaun-gaming-playseat-forza-motorsport-pro-playseat-rc-fm-pro/pd/DH9JHRBBM/,1898
https://www.emag.ro/scaun-gaming-piele-perne-reglabile-brate-4d-gran-giosedi-alb-roz/pd/D0MFVZBBM/,1109
https://www.emag.ro/scaun-gaming-design-modern-spatar-lat-si-inalt-sig0071-20/pd/DNHSV6BBM/,390
https://www.emag.ro/scaun-gaming-spacer-imitatie-piele-negru-verde-sp-gc-grn43/pd/DZY876BBM/,481
https://www.emag.ro/scaun-de-gaming-diablo-chairs-diablo-x-horn-alb-negru-9/pd/DP9MNSBBM/,916
https://www.emag.ro/scaun-gaming-design-modern-spatar-lat-si-inalt-sig0071-2/pd/DDHSV6BBM/,390
https://www.emag.ro/scaun-gaming-draxel-dx/pd/DBX3XJBBM/,799
https://www.emag.ro/scaun-gaming-genesis-nitro-330-green-nitro-330-green/pd/DLK83NBBM/,669
https://www.emag.ro/scaun-gaming-dxracer-king-k06-nr-black-red-gc-k06-nr-s3/pd/DMF10NBBM/,3061
https://www.emag.ro/scaun-gaming-tracer-gamezone-masterplayer-gaming-chair-trainn46336-tracer-trainn46336/pd/D9FRC1BBM/,1000
https://www.emag.ro/scaun-gaming-myria-mg7404gr-negru-rosu-50115/pd/DT2S9FBBM/,499
https://www.emag.ro/covoras-scaun-gaming-trust-gxt715-tru22524/pd/DNGPGVBBM/,1071
https://www.emag.ro/scaun-gaming-omega-varr-monza-43952-vgcm/pd/DQFW3JBBM/,1295
https://www.emag.ro/scaun-gaming-zenga-gamer-deus-piele-ecologica-negru-rosu-1/pd/DM3S6VBBM/,370
https://www.emag.ro/scaun-gaming-akracing-octane-verde-ak-octane-gn/pd/DVFGLYBBM/,1388
https://www.emag.ro/scaun-gaming-trust-gxt-707b-resto-albastru-negru-22526/pd/DVVD6CBBM/,938
https://www.emag.ro/scaun-gaming-zenga-x5-piele-ecologica-negru-gri-x5-black-grey-red/pd/DMFMHRBBM/,385
https://www.emag.ro/scaun-office-spacer-imitatie-piele-maro-sp-oc-br168/pd/D47GN6BBM/,570
https://www.emag.ro/scaun-gaming-piele-gran-racer-alb-negru/pd/DXXS19BBM/,819
https://www.emag.ro/scaun-gamer-london-game6/pd/DQ357JBBM/,553
https://www.emag.ro/scaun-gaming-arozzi-verona-v2-grey-verona-v2-gy/pd/DGYZLFBBM/,1474
https://www.emag.ro/scaun-gaming-inaza-predator-negru-cu-albastru-pr01-bb/pd/DKMPNHBBM/,749
https://www.emag.ro/scaun-gaming-playseat-negru-piele-metal-revolution/pd/DZJX1YBBM/,1749
https://www.emag.ro/scaun-gaming-nitro-concepts-s300-black-red-scncs300br/pd/DQJKVFBBM/,1249
https://www.emag.ro/scaun-gaming-dxracer-formula-f08-nb-black-blue-gc-f08-nb-h1/pd/D4910NBBM/,2095
https://www.emag.ro/scaun-gaming-tot-off-307-negru-rosu-clasic-73052/pd/D0FHB1BBM/,1414
https://www.emag.ro/scaun-gaming-genesis-nitro-880-green-nitro-880-green/pd/D70Y40BBM/,1440
https://www.emag.ro/scaun-gaming-arozzi-verona-gri-negru-verona-gy/pd/DBW1S3BBM/,1449
https://www.emag.ro/scaun-gaming-raidmax-drakon-dk-706yl-black-yellow-scrxdk706yl/pd/DV8SQ7BBM/,999
https://www.emag.ro/scaun-gaming-diablo-x-fighter-negru-albastru-8/pd/DX9MNSBBM/,1167
https://www.emag.ro/scaun-gaming-piele-ecologica-hm-lotus-gri-3742/pd/DR6257BBM/,791
https://www.emag.ro/scaun-gaming-noblechairs-epic-black-blue-scnbebkblsgl/pd/DWJKVFBBM/,2039
https://www.emag.ro/scaun-gamer-usa-222222/pd/DZ30DJBBM/,553
https://www.emag.ro/scaun-gaming-tt-esports-xc500-negru-134458/pd/D9VJ5QBBM/,1769
https://www.emag.ro/scaun-gaming-nitro-concepts-e200-race-black-orange-scnce200rbkog/pd/DJ0B47BBM/,872
https://www.emag.ro/scaun-gaming-akracing-negru-rosu-ak-k7012-br/pd/DVSGLYBBM/,1820
https://www.emag.ro/scaun-gaming-akracing-overture-verde-ak-overture-gn/pd/DNL0CQBBM/,1083
https://www.emag.ro/scaun-gaming-arozzi-verona-junior-negru-ar-verona-jr-bk/pd/D8C0CQBBM/,1080
https://www.emag.ro/scaun-gaming-speedlight-sp-1/pd/DWP3XJBBM/,849
https://www.emag.ro/scaun-gaming-inaza-predator-negru-cu-portocaliu-pr01-bo/pd/DNMPNHBBM/,948
https://www.emag.ro/scaun-gaming-arozzi-verona-v2-world-of-tanks-edition-verona-v2-wot/pd/DC5QYZBBM/,1200
https://www.emag.ro/scaun-gaming-hm-defender-negru-rosu-3842/pd/D3J5KDBBM/,938
https://www.emag.ro/scaun-gaming-genesis-nitro-770-green-nitro-770-green/pd/D4K83NBBM/,999
https://www.emag.ro/scaun-gaming-nitro-concepts-e200-race-black-white-scnce200rbkwh/pd/D40B47BBM/,872
https://www.emag.ro/scaun-dxracer-pro-pc-gaming-69-x-127-135-x-53-cm-dx-ohfd91-nr-1/pd/DBS3RYBBM/,1468
https://www.emag.ro/scaun-gaming-dxracer-formula-f01-n-black-gc-f01-n-g1/pd/DV910NBBM/,1855
https://www.emag.ro/scaun-gaming-nitro-concepts-c80-pure-black-scncc80pbk/pd/DK0B47BBM/,849
https://www.emag.ro/scaun-gaming-playseat-negru-piele-metal-l33t-black/pd/DM4KP2BBM/,1922
https://www.emag.ro/scaun-gaming-nitro-concepts-e200-race-black-red-scnce200rbkrd/pd/DS0B47BBM/,872
https://www.emag.ro/scaun-gaming-arozzi-torretta-xl-fabric-negru-torretta-xlf-bk/pd/DM68LYBBM/,1411
https://www.emag.ro/scaun-gaming-arozzi-enzo-portocaliu-enzo-or/pd/D6G8LYBBM/,949
https://www.emag.ro/scaun-gaming-arozzi-monza-rosu-monza-rd/pd/DPMGLYBBM/,817
https://www.emag.ro/scaun-gaming-deus-devil-pro-gaming-piele-sintetica-negru-rosu-devil-1/pd/DP3D9CBBM/,579
https://www.emag.ro/scaun-gaming-akracing-overture-negru-ak-overture-bk/pd/DSRGNJBBM/,1648
https://www.emag.ro/scaun-gaming-noblechairs-icon-black-gold-scnbibkgolsgl/pd/DTSKVFBBM/,1999
https://www.emag.ro/scaun-gaming-noblechairs-hero-black-nbl-hro-pu-bla-sgl/pd/D8X2SCBBM/,2399
https://www.emag.ro/scaun-gaming-bluetech-g4-negru-albastru-piele-slg/pd/DRQWWJBBM/,899
https://www.emag.ro/scaun-corsair-gaming-t1-race-2018-high-back-desk-office-chair-negru-cf-9010011-ww/pd/D96KQZBBM/,1613
https://www.emag.ro/scaun-gaming-noblechairs-hero-black-blue-nbl-hro-pu-bbl-sgl/pd/D96D4CBBM/,2399
https://www.emag.ro/scaun-gaming-us78-racing-pro-unic-spot-piele-ecologica-negru-galben-5999058332278/pd/DRM531BBM/,821
https://www.emag.ro/scaun-gaming-noblechairs-hero-black-red-nbl-hro-pu-brd-sgl/pd/DS6D4CBBM/,2399
https://www.emag.ro/scaun-gaming-dxracer-drifting-d61-nwe-black-white-green-gc-d61-nwe-m3/pd/DS910NBBM/,2995
https://www.emag.ro/scaun-gaming-akracing-onyx-negru-ak-onyx-bk/pd/DKL0CQBBM/,1659
https://www.emag.ro/scaun-gaming-arozzi-verona-pro-v2-gray-verona-pro-v2-gy/pd/DJYZLFBBM/,1541
https://www.emag.ro/scaun-gaming-arozzi-verona-pro-v2-or/pd/D6YZTNBBM/,1541
https://www.emag.ro/scaun-gamer-ing90-indiana-negru-rosu-game3/pd/D6357JBBM/,785
https://www.emag.ro/scaun-gaming-arozzi-vernazza-bk/pd/DXY1F2BBM/,1699
https://www.emag.ro/scaun-gaming-arozzi-verona-xl-black-verona-xlplus-black/pd/DVYZLFBBM/,1672
https://www.emag.ro/scaun-gaming-noblechairs-hero-black-gold-scnbhrgolsgl/pd/DL0KRLBBM/,1999
https://www.emag.ro/scaun-gamer-inegal-pro-ineg13/pd/D7X0DJBBM/,559
https://www.emag.ro/scaun-gaming-mesh-spatar-inalt-tetiera-reglabila-cotiere-reglabile-ergofuture/pd/DLDQ19BBM/,1248
https://www.emag.ro/scaun-gaming-gamer-deus-gtr-x-2763-negru-rosu-gtr-red/pd/D7447LBBM/,385
https://www.emag.ro/scaun-gaming-deus-pro-gaming-x-2782-formers-xxl-negru-rosu-formers-red/pd/DXC47LBBM/,396
https://www.emag.ro/scaun-gaming-zenga-gamer-deus-xxl-piele-ecologica-negru-gri-1/pd/D03S6VBBM/,385
https://www.emag.ro/scaun-gaming-arozzi-verona-pro-v2-green-verona-pro-v2-gn/pd/DSYZLFBBM/,1541
https://www.emag.ro/scaun-gaming-dxracer-king-k06-ne-black-green-gc-k06-ne-s3/pd/DBF10NBBM/,2637
https://www.emag.ro/scaun-gaming-x-by-serioux-kessian-ajustabil-piele-sintetica-piston-pe-gaz-portocaliu-negru-x-gc01-a3-o/pd/DZ8L15BBM/,785
https://www.emag.ro/scaun-gaming-arozzi-vernazza-bl/pd/D9Y1F2BBM/,1701
https://www.emag.ro/scaun-gaming-natec-genesis-nitro-220-verde-negru-46625/pd/DGCL30BBM/,479
https://www.emag.ro/scaun-gaming-natec-genesis-nitro-220-rosu-negru-46623/pd/D5CL30BBM/,479
https://www.emag.ro/scaun-gaming-dxracer-racing-r0-ne-black-green-gc-r0-ne-z1/pd/D0F10NBBM/,1968
https://www.emag.ro/scaun-gamer-ing90-fuzhou-negru-albastru-game4/pd/D5357JBBM/,844
https://www.emag.ro/scaun-gaming-playseat-office-seat-white-playseat-off-w/pd/DXSHBRBBM/,1392
https://www.emag.ro/scaun-gaming-playseat-evolution-alcantara-playseat-rc-ea-playseat-evolution/pd/DMV5HLBBM/,1825
https://www.emag.ro/scaun-gaming-playseat-alcantara-playseat-off-a/pd/DPSHBRBBM/,1392
https://www.emag.ro/scaun-gaming-diablo-chairs-negru-17/pd/DD9MNSBBM/,857
https://www.emag.ro/scaun-gaming-akracing-overture-rotire-la-360-de-grade-white-ak-overture-wt/pd/DYYZLFBBM/,1648
https://www.emag.ro/scaun-gaming-akracing-premium-v2-negru-carbon-ak-7002-cb/pd/DRG1S3BBM/,1849
https://www.emag.ro/scaun-gaming-rotor-functie-balans-60-5x66x114-124cm-rotor-2/pd/DTRZPJBBM/,629
https://www.emag.ro/scaun-gaming-mesh-fin-1665-negru-1000016640drm/pd/DV9605BBM/,886
https://www.emag.ro/scaun-gaming-arozzi-vernazza-wt/pd/D4Y1F2BBM/,1599
https://www.emag.ro/scaun-gaming-myria-mg7406-negru-albastru-66239/pd/D69R2RBBM/,499
https://www.emag.ro/scaun-gaming-arozzi-mezzo-v2-red-ar-mezzo-v2-red/pd/DRC0CQBBM/,1726
https://www.emag.ro/scaun-gaming-noblechairs-hero-black-platinum-white-nbl-hro-pu-bpw-sgl/pd/DX6D4CBBM/,2399
https://www.emag.ro/scaun-gaming-noblechairs-hero-black-gold-nbl-hro-pu-gol-sgl/pd/DF6D4CBBM/,2399
https://www.emag.ro/scaun-gaming-genesis-negru-albastru-piele-metal-sx77-blue/pd/DZD052BBM/,999
https://www.emag.ro/scaun-gaming-natec-genesis-sx77-rosu-38081/pd/DKTYR7BBM/,999
https://www.emag.ro/scaun-gaming-diablo-scaune-gaming-diablo-x-one-horn-negru-rosu-979227/pd/D7M0HLBBM/,1041
https://www.emag.ro/scaun-gaming-arozzi-vernazza-or/pd/DSY1F2BBM/,1701
https://www.emag.ro/scaun-gaming-kruger-matz-warrior-gx-50-km0762/pd/D79FVVBBM/,850
https://www.emag.ro/scaun-gaming-noblechairs-icon-black-blue-scnbibkblsgl/pd/D7SKVFBBM/,2279
https://www.emag.ro/scaun-gaming-noblechairs-icon-black-red-scnbibkrdsgl/pd/DDSKVFBBM/,1996
https://www.emag.ro/scaun-pentru-jocuri-black-playseat-rc-eb-playseat-evolution/pd/DFCN4LBBM/,1689
https://www.emag.ro/scaun-gaming-tot-mesh-hm-striker-2-negru-clasic-73435/pd/D4M7M1BBM/,1017
https://www.emag.ro/scaun-gaming-hm-helix-2-negru-rosu-3847/pd/DTJ5KDBBM/,692
https://www.emag.ro/scaun-special-pentru-jocuri-corsair-t2-road-warrior-negru-cu-alb-cf-9010007-ww/pd/DGJ82QBBM/,1959
https://www.emag.ro/scaun-special-pentru-jocuri-corsair-t2-road-warrior-negru-cu-galben-cf-9010010-ww/pd/DMS82QBBM/,1959
https://www.emag.ro/scaun-gaming-arozzi-verona-v2-green-verona-v2-gn/pd/D3SVCHBBM/,1312
https://www.emag.ro/scaun-gaming-dxracer-formula-f08-ne-black-green-gc-f08-ne-h1/pd/DZ910NBBM/,1806
https://www.emag.ro/scaun-gaming-natec-genesis-sx77-albastru-38080/pd/DYHD27BBM/,999
https://www.emag.ro/scaun-gaming-dxracer-formula-f08-no-black-orange-gc-f08-no-h1/pd/DC910NBBM/,1797
https://www.emag.ro/scaun-gaming-spc-gear-sr300-red-piele-ecologica-rosu-spg002/pd/DX8PG2BBM/,1323
https://www.emag.ro/scaun-gaming-arozzi-vernazza-gn/pd/DFY1F2BBM/,1701
https://www.emag.ro/covoras-pentru-scaune-gaming-akracing-floormat-verde-diametru-99-5-cm-ak-floormat-gn/pd/DB9TB0BBM/,209
https://www.emag.ro/scaun-gaming-tot-hm-cobra-negru-portocaliu-clasic-73354/pd/DTFHB1BBM/,1096
https://www.emag.ro/scaun-gaming-arozzi-verona-xl-white-verona-xlplus-white/pd/DLYZLFBBM/,1701
https://www.emag.ro/scaun-gamer-ing90-silvestre-negru-albastru-game2/pd/DR357JBBM/,773
https://www.emag.ro/scaun-gaming-warrior-gx-50-kruger-matz-2-perne-piele-ecologica-km0762/pd/D7Q7FZBBM/,898
https://www.emag.ro/scaun-gaming-playseat-office-seat-negru-playseat-off-b/pd/D9SHBRBBM/,1392
https://www.emag.ro/scaun-gaming-tot-hm-defender-negru-rosu-clasic-73356/pd/DLM7M1BBM/,1300
https://www.emag.ro/scaun-gaming-diablo-x-player-negru-verde-24/pd/D39MNSBBM/,962
https://www.emag.ro/scaun-gaming-arozzi-verona-v2-red-verona-v2-rd/pd/DTSVCHBBM/,1382
https://www.emag.ro/scaun-gaming-tt-esports-by-thermaltake-gt-fit-negru-gc-xfs-bbmfdl-01/pd/DSHC69BBM/,1840
https://www.emag.ro/scaun-ergonomic-pentru-jocuri-aerocool-ac-220-air-rgb-negru-aeroac-220-air-rgb/pd/DXBHYQBBM/,1599
https://www.emag.ro/scaun-gaming-piele-gran-racer-negru-portocaliu/pd/D4XS19BBM/,819
https://www.emag.ro/scaun-gaming-us90-silverstone-unic-spot-piele-ecologica-negru-albastru-5999058333114/pd/DPMDSNBBM/,698
https://www.emag.ro/scaun-gaming-hm-scroll-negru-albastru-4000/pd/D0XSZNBBM/,602
https://www.emag.ro/scaun-gaming-noblechairs-icon-black-scnbibksgl/pd/D2SKVFBBM/,1996
https://www.emag.ro/scaun-gaming-tot-hm-scroll-negru-rosu-gri-clasic-73431/pd/D3FHB1BBM/,776
https://www.emag.ro/scaun-gaming-arozzi-verona-v2-orange-verona-v2-or/pd/DDSVCHBBM/,1382
https://www.emag.ro/scaun-gaming-tot-sl-q105-negru-rosu-clasic-73445/pd/DVM7M1BBM/,1023
https://www.emag.ro/scaun-special-pentru-jocuri-sandberg-voodoo-negru-cu-alb-640-83/pd/DYBHYQBBM/,1579
https://www.emag.ro/scaun-gaming-sl-carrera-negru-gri-4486/pd/DWS5HLBBM/,767
https://www.emag.ro/scaun-de-gaming-yenga-deus-gtr-albastru-gtr-blue/pd/D5V47LBBM/,380
https://www.emag.ro/scaun-gaming-playseat-negru-albastru-piele-metal-l33t-blue/pd/DXVKP2BBM/,1922
https://www.emag.ro/scaun-gaming-playseat-negru-verde-piele-metal-l33t-green/pd/DY4KP2BBM/,1922
https://www.emag.ro/scaun-gaming-arozzi-verona-v2-grey-verona-v2-gy/pd/D7SVCHBBM/,1382
https://www.emag.ro/scaun-gaming-hm-defender-negru-portocaliu-3843/pd/D2J5KDBBM/,938
https://www.emag.ro/scaun-gaming-hm-helix-negru-albastru-3846/pd/DDJ5KDBBM/,692
https://www.emag.ro/scaun-gaming-sl-carrera-negru-galben-4487/pd/DBV5HLBBM/,767
https://www.emag.ro/scaun-ergonomic-pentru-jocuri-aerocool-aero-2-alpha-negru-aeroaero2-alpha-b/pd/DPBHYQBBM/,729
https://www.emag.ro/scaun-gaming-spc-gear-sr500f-gy-material-textil-functie-de-balansare-cu-blocare-in-5-pozitii-ajustabil-doua-perne-incluse-manere-reglabile-4d-negru-gri-975594/pd/D76FVLBBM/,1583
https://www.emag.ro/scaun-gaming-zenga-deus-devil-piele-sintetica-negru-rosu-1/pd/DJ3S6VBBM/,579
https://www.emag.ro/scaun-de-jocuri-corsair-t1-race-2018-negru-alb-cf-9010012-ww/pd/DXQZM1BBM/,1613
https://www.emag.ro/scaun-gaming-tot-hm-diablo-negru-rosu-clasic-73357/pd/DPFHB1BBM/,977
https://www.emag.ro/scaun-gaming-natec-genesis-sx33-73106/pd/DG45L5BBM/,742
https://www.emag.ro/scaun-gaming-piele-gran-racer-alb-roz/pd/DPXS19BBM/,819
https://www.emag.ro/scaun-de-jocuri-corsair-t1-race-2018-negru-albastru-cf-9010014-ww/pd/DFQZM1BBM/,1613
https://www.emag.ro/scaun-gaming-chairs-diablo-x-one-piele-ecologica-negru-rosu-1146630/pd/DQD4WVBBM/,866
https://www.emag.ro/scaun-gaming-piele-ecologica-fin-2064-negru-1000020630drm/pd/DK9605BBM/,903
https://www.emag.ro/scaun-gaming-piele-ecologica-fin-1662-albastru-1000016610drm/pd/DH9605BBM/,719
https://www.emag.ro/scaun-gaming-piele-ecologica-fin-1700-negru-1000016990drm/pd/D49605BBM/,830
https://www.emag.ro/scaun-gaming-axon-defender-negru-portocaliu-2466/pd/DN1R31BBM/,938
https://www.emag.ro/scaun-gaming-piele-ecologica-fin-1661-gri-1000016600drm/pd/DF9605BBM/,719
https://www.emag.ro/scaun-gaming-axon-scroll-negru-rosu-2624/pd/D01R31BBM/,602
https://www.emag.ro/scaun-gaming-axon-defender-negru-rosu-2465/pd/DM1R31BBM/,938
https://www.emag.ro/scaun-gaming-diablo-x-eye-negru-verde-4/pd/DH9MNSBBM/,1021
https://www.emag.ro/scaun-gaming-myria-mg7404gr-negru-verde-50109/pd/D83S9FBBM/,698
https://www.emag.ro/scaun-gaming-marvo-ch-106-negru-54631/pd/DZBYXJBBM/,796
https://www.emag.ro/scaun-gaming-diablo-chairs-negru-rosu-18/pd/D6XMNSBBM/,857
https://www.emag.ro/scaun-gaming-diablo-x-eye-negru-albastru-2/pd/D8XMNSBBM/,1021
https://www.emag.ro/scaun-de-gaming-diablo-chairs-diablo-x-horn-negru-albastru-12/pd/DK9MNSBBM/,916
https://www.emag.ro/scaun-gaming-piele-ecologica-fin-1699-portocaliu-1000016980drm/pd/D09605BBM/,830
https://www.emag.ro/scaun-gaming-axon-roadster-negru-alb-rosu-2474/pd/D31R31BBM/,678
https://www.emag.ro/scaun-gaming-hm-diablo-3844/pd/D7J5KDBBM/,731
https://www.emag.ro/scaun-gaming-noblechairs-hero-black-platinum-white-scnbhrbpwsgl/pd/DZ0KRLBBM/,2101
https://www.emag.ro/scaun-ergonomic-pentru-jocuri-arozzi-star-trek-negru-cu-albastru-arozzi-vv2-st-bl/pd/D2BHYQBBM/,1639
https://www.emag.ro/scaun-gaming-axon-lotus-rosu-2101/pd/D71R31BBM/,791
https://www.emag.ro/scaun-gaming-hm-roadster-3851/pd/D0J5KDBBM/,678
https://www.emag.ro/scaun-gaming-axon-helix-2-negru-rosu-2470/pd/D21R31BBM/,692
https://www.emag.ro/scaun-gaming-axon-helix-negru-albastru-2469/pd/DT1R31BBM/,692
https://www.emag.ro/scaun-special-pentru-jocuri-corsair-t2-road-warrior-negru-cu-rosu-cf-9010008-ww/pd/DWJ82QBBM/,2144
https://www.emag.ro/scaun-gaming-axon-diablo-negru-rosu-2467/pd/DWZR31BBM/,731
https://www.emag.ro/scaun-gaming-axon-carrera-negru-gri-3117/pd/DGZR31BBM/,767
https://www.emag.ro/scaun-ergonomic-pentru-jocuri-aerocool-ac-40c-air-negru-cu-rosu-aeroac-40c-air-br/pd/DTBHYQBBM/,699
https://www.emag.ro/scaun-gaming-axon-carrera-negru-galben-3118/pd/D8ZR31BBM/,767
https://www.emag.ro/scaun-gaming-axon-scroll-negru-albastru-2625/pd/DD1R31BBM/,602
https://www.emag.ro/scaun-ergonomic-pentru-jocuri-aerocool-ac-110-air-negru-cu-rosu-aeroac-110-air-br/pd/DJWY9QBBM/,962
https://www.emag.ro/scaun-gaming-spc-gear-sr300bk-piele-ecologica-functie-de-balansare-ajustabil-doua-perne-incluse-manere-reglabile-pe-inaltime-negru-975587/pd/DK6FVLBBM/,1250
https://www.emag.ro/scaun-gaming-akracing-premium-v2-negru-ak-7002-bb/pd/DZG1S3BBM/,2155
https://www.emag.ro/scaun-gaming-piele-spatar-inalt-extensie-picioare-pilot-race-negru-rosu/pd/DSCL44BBM/,999
https://www.emag.ro/scaun-gaming-axon-lotus-gri-2366/pd/DK1R31BBM/,791
https://www.emag.ro/scaun-de-jocuri-arozzi-mezzo-v2-albastru-mezzo-v2-fb-blue/pd/DSQZM1BBM/,1231
https://www.emag.ro/scaun-gaming-tt-esports-by-thermaltake-gt-fit-negru-albastru-gc-gtf-blmfdl-01/pd/D9HC69BBM/,1779
https://www.emag.ro/scaun-ergonomic-pentru-jocuri-arozzi-star-trek-negru-arozzi-vv2-st-bk/pd/DSWY9QBBM/,1636
https://www.emag.ro/scaun-ergonomic-pentru-jocuri-arozzi-star-trek-negru-cu-rosu-arozzi-vv2-st-rd/pd/D7BHYQBBM/,1639
https://www.emag.ro/scaun-gaming-warrior-gx-50-ergonomic-negru-rosu-cadou-ochelari-virtuali-3d-smdkm0762smd/pd/D41TGKBBM/,890
https://www.emag.ro/scaun-gaming-diablo-chairs-negru-verde-20/pd/DM9MNSBBM/,857
https://www.emag.ro/scaun-de-gaming-diablo-chairs-diablo-x-player-negru-albastru-23/pd/DY9MNSBBM/,962
https://www.emag.ro/scaun-gaming-x-eye-diablo-chairs-negru-rosu-1/pd/D786DSBBM/,1021
https://www.emag.ro/scaun-ergonomic-pentru-jocuri-aerocool-aero-1-alpha-negru-cu-rosu-aeroaero1-alpha-br/pd/DNBHYQBBM/,1114
https://www.emag.ro/scaun-ergonomic-pentru-jocuri-aerocool-ac-120-air-rgb-negru-aeroac-120-air-rgb/pd/D9BHYQBBM/,1388
https://www.emag.ro/scaun-ergonomic-pentru-jocuri-arozzi-mezzo-v2-negru-cu-rosu-mezzo-v2-fb-red/pd/D2S82QBBM/,1231
https://www.emag.ro/scaun-ergonomic-pentru-jocuri-aerocool-thunder3x-ec3-air-negru-cu-rosu-aero-ec3-br/pd/DJBHYQBBM/,911
https://www.emag.ro/scaun-ergonomic-pentru-jocuri-aerocool-aero-1-alpha-negru-aeroaero1-alpha-b/pd/DHBHYQBBM/,1114
https://www.emag.ro/scaun-de-jocuri-arozzi-mezzo-v2-negru-mezzo-v2-fb-black/pd/D6M7M1BBM/,1231
https://www.emag.ro/scaun-gaming-piele-perne-reglabile-brate-4d-gran-giosedi-negru-albastru/pd/D0XS19BBM/,1069
https://www.emag.ro/scaun-gaming-piele-spatar-inalt-xrace-negru-violet/pd/DHDQ19BBM/,819
https://www.emag.ro/scaun-ergonomic-pentru-jocuri-aerocool-thunder3x-ec1-air-negru-aero-ec3-b/pd/DSBHYQBBM/,911
https://www.emag.ro/scaun-ergonomic-pentru-jocuri-aerocool-ac-40c-air-negru-aeroac-40c-air-b/pd/DKBHYQBBM/,699
https://www.emag.ro/scaun-gaming-dxracer-racing-r9-nr-black-red-gc-r9-nr-z1/pd/DXF10NBBM/,1782
https://www.emag.ro/scaun-ergonomic-pentru-jocuri-aerocool-ac-100-air-negru-aeroac-100-air-b/pd/DDBHYQBBM/,921
https://www.emag.ro/scaun-ergonomic-pentru-jocuri-aerocool-ac-100-air-negru-cu-rosu-aeroac-100-air-br/pd/D3S82QBBM/,921
https://www.emag.ro/scaun-gaming-piele-spatar-inalt-xrace-negru-roz/pd/DJCL44BBM/,819
https://www.emag.ro/scaun-gaming-piele-gran-racer-negru-alb/pd/DFXS19BBM/,821
https://www.emag.ro/scaun-de-jocuri-arozzi-verona-v2-portocaliu-cu-negru-verona-v2-or/pd/DFLLGZBBM/,1324
https://www.emag.ro/scaun-gaming-piele-brate-rabatabile-rekaro-negru-verde/pd/D06ZF9BBM/,833
https://www.emag.ro/scaun-gaming-piele-perforata-rezistenta-pentru-ventilatie-spatar-inalt-conracer-negru-rosu/pd/D3N0KCBBM/,797
https://www.emag.ro/scaun-gaming-piele-brate-rabatabile-rekaro-negru-alb/pd/DX6ZF9BBM/,833
https://www.emag.ro/scaun-gaming-gran-racer-negru-rosu-piele-gran-giosedi-negru-rosu/pd/DJXS19BBM/,819
https://www.emag.ro/scaun-gaming-piele-spatar-inalt-rekas-alb-rosu/pd/DSDQ19BBM/,797
https://www.emag.ro/scaun-gaming-piele-spatar-inalt-rekas-negru-rosu/pd/DCDQ19BBM/,797
https://www.emag.ro/scaun-gaming-piele-gran-racer-negru-albastru/pd/DSXS19BBM/,819
https://www.emag.ro/scaun-gaming-piele-gran-racer-negru-verde/pd/DVXS19BBM/,819
https://www.emag.ro/scaun-gaming-piele-brate-rabatabile-rekaro-negru-albastru/pd/DT6ZF9BBM/,833
https://www.emag.ro/scaun-de-jocuri-arozzi-verona-v2-gri-verona-v2-gy/pd/D42B1ZBBM/,1324
https://www.emag.ro/scaun-gaming-piele-spatar-inalt-xrace-negru-portocaliu/pd/DFDQ19BBM/,819
https://www.emag.ro/scaun-gaming-piele-spatar-inalt-xrace-negru-albastru/pd/D9DQ19BBM/,819
https://www.emag.ro/scaun-gaming-piele-perne-reglabile-brate-4d-gran-giosedi-negru-galben/pd/DKXS19BBM/,1120
https://www.emag.ro/scaun-gaming-piele-spatar-inalt-xrace-negru-gri/pd/DVDQ19BBM/,819
https://www.emag.ro/scaun-gaming-piele-perne-reglabile-brate-4d-gran-giosedi-negru-rosu/pd/DHXS19BBM/,1120
https://www.emag.ro/scaun-gaming-piele-spatar-inalt-xrace-negru-rosu/pd/DXDQ19BBM/,819
https://www.emag.ro/scaun-gaming-piele-spatar-inalt-xrace-negru-verde/pd/DJDQ19BBM/,819
https://www.emag.ro/scaun-gaming-piele-spatar-inalt-xrace-negru-alb/pd/DPDQ19BBM/,819
https://www.emag.ro/scaun-gaming-piele-perne-reglabile-brate-4d-gran-giosedi-negru-alb/pd/D9XS19BBM/,1120
https://www.emag.ro/scaun-gaming-piele-perne-reglabile-brate-4d-gran-giosedi-negru-verde/pd/DNXS19BBM/,1120
https://www.emag.ro/scaun-gaming-piele-spatar-inalt-rekas-negru-albastru/pd/D4DQ19BBM/,797
